Designator,Footprint,Quantity,Value,LCSC Part #
"C1, C2",0603,2,10u,
"C10, C11, C12, C13, C14, C15, C16, C17, C18, C28, C8, C9",0603,12,100nF,
"C19, C3",0805,2,1u,
"C20, C4",0603,2,100n,
"C21, C22",0402,2,100nF,
"C27, C7",0603,2,2u2,
"C29, C30",0805,2,2.2uF,
"C5, C6",0603,2,10p,
"D1, D2",0805,2,LED,
D11,DIOM5436X330N,1,LSM115JE3_TR13,
"D3, D4",D_SOD-923,2,ESD9B5.0ST5G,
G3,LogoISC,1,LOGO,
IC1,BMI088,1,BMI088,
J1,microSD_HC_Molex_104031-0811,1,Micro_SD_Card_Det1,
J2,PinHeader_1x04_P2.54mm_Vertical,1,Conn_01x04_Socket,
"J3, J4",PinHeader_1x18_P2.54mm_Vertical,2,Conn_01x18_Pin,
J5,USB_C_Receptacle_GCT_USB4085,1,USB_C_Receptacle_USB2.0_14P,
LED1,0805,1,G,
"R1, R5, R9",0805,3,120R,
R10,0603,1,4k7,
"R11, R12, R2",0603,3,1k,
R13,0603,1,100k,
"R14, R16, R17, R18, R19, R20, R21",0603,7,47k,
"R26, R29, R3, R30, R31, R32, R33, R6, R8",0805,9,33R,
"R4, R40",0805,2,10k,
"R50, R51",0603,2,5k1,
R7,0805,1,47R,
"SW1, SW2",SW_SPST_B3U-1000P-B,2,SW_Push,
U1,SON95P300X300X100-7N-D,1,LD39200PU33R,
"U2, U3, U4",SOIC-8_3.9x4.9mm_P1.27mm,3,TCAN330,
U5,LQFP-144_20x20mm_P0.5mm,1,STM32H733ZGTx,
Y1,Crystal_SMD_2520-4Pin_2.5x2.0mm,1,24MHz,
