Designator,Mid X,Mid Y,Rotation,Layer
C1,82.925,-90.225,270.0,top
C10,76.355216,-61.0,0.0,bottom
C11,76.355216,-62.77,0.0,bottom
C12,76.355216,-64.54,0.0,bottom
C13,71.867716,-55.69,180.0,bottom
C14,71.867716,-57.46,180.0,bottom
C15,71.867716,-59.23,180.0,bottom
C16,71.867716,-61.0,180.0,bottom
C17,71.867716,-62.77,180.0,bottom
C18,71.867716,-64.54,180.0,bottom
C19,81.25,-67.0,90.0,bottom
C2,85.275,-87.275,180.0,top
C20,71.8625,-67.85,0.0,bottom
C21,70.644784,-78.185,90.0,top
C22,77.544784,-78.205,90.0,top
C27,65.1,-87.3,180.0,bottom
C28,70.5,-87.2,180.0,bottom
C29,84.5,-49.9625,90.0,bottom
C3,83.3,-67.0125,90.0,bottom
C30,63.7,-58.1375,270.0,bottom
C4,71.8625,-66.3,0.0,bottom
C5,75.875,-72.35,270.0,bottom
C6,81.125,-72.35,90.0,bottom
C7,76.355216,-55.69,0.0,bottom
C8,76.355216,-57.46,0.0,bottom
C9,76.355216,-59.23,0.0,bottom
D1,84.3875,-42.25,180.0,top
D11,78.6,-89.5,0.0,bottom
D2,77.9,-42.25,180.0,top
D3,82.7,-98.08,90.0,bottom
D4,84.0,-98.08,90.0,bottom
G3,74.107153,-76.5,0.0,bottom
IC1,74.1,-76.985,0.0,top
J1,67.75,-93.6125,180.0,top
J2,67.53,-42.05,90.0,top
J3,57.536309,-70.262317,0.0,bottom
J4,90.736309,-70.262317,0.0,bottom
J5,81.1,-96.505,0.0,top
LED1,80.7,-84.6,0.0,top
R1,67.8,-45.25,0.0,bottom
R10,60.8,-55.6125,90.0,top
R11,84.375,-42.25,0.0,bottom
R12,77.9,-42.25,0.0,bottom
R13,80.65,-86.4,180.0,top
R14,80.65,-87.9,0.0,top
R16,70.4875,-91.06,180.0,bottom
R17,70.5,-94.7,180.0,bottom
R18,70.5,-98.34,180.0,bottom
R19,65.1125,-93.0,0.0,bottom
R2,84.0625,-84.6,0.0,top
R20,65.1125,-96.6,0.0,bottom
R21,65.1125,-98.3,0.0,bottom
R26,70.3,-89.24,0.0,bottom
R29,70.3,-92.88,0.0,bottom
R3,62.4,-84.4,90.0,bottom
R30,70.3,-96.52,0.0,bottom
R31,65.3,-89.2,180.0,bottom
R32,65.3,-91.2,180.0,bottom
R33,65.3,-94.8,180.0,bottom
R4,72.4,-84.3,270.0,bottom
R40,66.5,-84.4,90.0,bottom
R5,74.185,-45.25,0.0,bottom
R50,80.5125,-96.95,180.0,bottom
R51,80.5125,-98.5,180.0,bottom
R6,63.75,-53.35,90.0,bottom
R7,76.5,-67.1,180.0,bottom
R8,63.75,-48.4,90.0,bottom
R9,80.49,-45.25,0.0,bottom
SW1,70.575,-84.975,90.0,top
SW2,64.675,-84.975,270.0,top
U1,85.9,-89.925,180.0,top
U2,67.735,-50.275,0.0,bottom
U3,74.12,-50.35,0.0,bottom
U4,80.425,-50.275,0.0,bottom
U5,74.105216,-58.8,0.0,top
Y1,78.5,-72.5,180.0,bottom
